timestamp,bank_name,internet_banking,rtgs,neft,imps,upi,mobile_banking
2026-05-04T06:42:23.048411,Punjab National Bank,UP,UP,UP,UP,UP,UP
2026-05-04T06:42:23.048411,HDFC Bank,UP,UP,UP,UP,UP,UP
2026-05-04T06:42:23.048411,Axis Bank,UP,UP,UP,UP,UP,UP
2026-05-04T06:42:23.048411,Bank Of Baroda,UP,UP,UP,UP,UP,UP
2026-05-04T06:42:23.048411,Airtel Payments Bank,UP,UP,UP,UP,UP,UP
2026-05-04T06:42:23.048411,Canara Bank,UP,UP,UP,UP,UP,UP
2026-05-04T06:42:23.048411,ICICI Bank,UP,UP,UP,UP,UP,UP
2026-05-04T06:42:23.048411,Kotak Mahindra Bank,UP,UP,UP,UP,UP,UP
2026-05-04T06:42:23.048411,State Bank of India,UP,UP,UP,UP,UP,UP
2026-05-04T06:42:23.048411,AU Small Finance Bank,UP,UP,UP,UP,UP,UP
2026-05-04T06:46:37.669771,Punjab National Bank,UP,UP,UP,UP,UP,UP
2026-05-04T06:46:37.669771,HDFC Bank,UP,UP,UP,UP,UP,UP
2026-05-04T06:46:37.669771,Axis Bank,UP,UP,UP,UP,UP,UP
2026-05-04T06:46:37.669771,Bank Of Baroda,UP,UP,UP,UP,UP,UP
2026-05-04T06:46:37.669771,Airtel Payments Bank,UP,UP,UP,UP,UP,UP
2026-05-04T06:46:37.669771,Canara Bank,UP,UP,UP,UP,UP,UP
2026-05-04T06:46:37.669771,ICICI Bank,UP,UP,UP,UP,UP,UP
2026-05-04T06:46:37.669771,Kotak Mahindra Bank,UP,UP,UP,UP,UP,UP
2026-05-04T06:46:37.669771,State Bank of India,UP,UP,UP,UP,UP,UP
2026-05-04T06:46:37.669771,AU Small Finance Bank,UP,UP,UP,UP,UP,UP
2026-05-04T12:39:40.666966,Punjab National Bank,UP,UP,UP,UP,UP,UP
2026-05-04T12:39:40.666966,HDFC Bank,UP,UP,UP,UP,UP,UP
2026-05-04T12:39:40.666966,Axis Bank,UP,UP,UP,UP,UP,UP
2026-05-04T12:39:40.666966,Bank Of Baroda,UP,UP,UP,UP,UP,UP
2026-05-04T12:39:40.666966,Airtel Payments Bank,UP,UP,UP,UP,UP,UP
2026-05-04T12:39:40.666966,Canara Bank,UP,UP,UP,UP,UP,UP
2026-05-04T12:39:40.666966,ICICI Bank,UP,UP,UP,UP,UP,UP
2026-05-04T12:39:40.666966,Kotak Mahindra Bank,UP,UP,UP,UP,UP,UP
2026-05-04T12:39:40.666966,State Bank of India,UP,UP,UP,UP,UP,UP
2026-05-04T12:39:40.666966,AU Small Finance Bank,UP,UP,UP,UP,UP,UP
2026-05-04T12:40:07.041247,Punjab National Bank,UP,UP,UP,UP,UP,UP
2026-05-04T12:40:07.041247,HDFC Bank,UP,UP,UP,UP,UP,UP
2026-05-04T12:40:07.041247,Axis Bank,UP,UP,UP,UP,UP,UP
2026-05-04T12:40:07.041247,Bank Of Baroda,UP,UP,UP,UP,UP,UP
2026-05-04T12:40:07.041247,Airtel Payments Bank,UP,UP,UP,UP,UP,UP
2026-05-04T12:40:07.041247,Canara Bank,UP,UP,UP,UP,UP,UP
2026-05-04T12:40:07.041247,ICICI Bank,UP,UP,UP,UP,UP,UP
2026-05-04T12:40:07.041247,Kotak Mahindra Bank,UP,UP,UP,UP,UP,UP
2026-05-04T12:40:07.041247,State Bank of India,UP,UP,UP,UP,UP,UP
2026-05-04T12:40:07.041247,AU Small Finance Bank,UP,UP,UP,UP,UP,UP
2026-05-04T12:44:48.958818,Punjab National Bank,UP,UP,UP,UP,UP,UP
2026-05-04T12:44:48.958818,HDFC Bank,UP,UP,UP,UP,UP,UP
2026-05-04T12:44:48.958818,Axis Bank,UP,UP,UP,UP,UP,UP
2026-05-04T12:44:48.958818,Bank Of Baroda,UP,UP,UP,UP,UP,UP
2026-05-04T12:44:48.958818,Airtel Payments Bank,UP,UP,UP,UP,UP,UP
2026-05-04T12:44:48.958818,Canara Bank,UP,UP,UP,UP,UP,UP
2026-05-04T12:44:48.958818,ICICI Bank,UP,UP,UP,UP,UP,UP
2026-05-04T12:44:48.958818,Kotak Mahindra Bank,UP,UP,UP,UP,UP,UP
2026-05-04T12:44:48.958818,State Bank of India,UP,UP,UP,UP,UP,UP
2026-05-04T12:44:48.958818,AU Small Finance Bank,UP,UP,UP,UP,UP,UP
2026-05-04T12:45:07.090603,Punjab National Bank,UP,UP,UP,UP,UP,UP
2026-05-04T12:45:07.090603,HDFC Bank,UP,UP,UP,UP,UP,UP
2026-05-04T12:45:07.090603,Axis Bank,UP,UP,UP,UP,UP,UP
2026-05-04T12:45:07.090603,Bank Of Baroda,UP,UP,UP,UP,UP,UP
2026-05-04T12:45:07.090603,Airtel Payments Bank,UP,UP,UP,UP,UP,UP
2026-05-04T12:45:07.090603,Canara Bank,UP,UP,UP,UP,UP,UP
2026-05-04T12:45:07.090603,ICICI Bank,UP,UP,UP,UP,UP,UP
2026-05-04T12:45:07.090603,Kotak Mahindra Bank,UP,UP,UP,UP,UP,UP
2026-05-04T12:45:07.090603,State Bank of India,UP,UP,UP,UP,UP,UP
2026-05-04T12:45:07.090603,AU Small Finance Bank,UP,UP,UP,UP,UP,UP
2026-05-04T12:50:06.272716,Punjab National Bank,UP,UP,UP,UP,UP,UP
2026-05-04T12:50:06.272716,HDFC Bank,UP,UP,UP,UP,UP,UP
2026-05-04T12:50:06.272716,Axis Bank,UP,UP,UP,UP,UP,UP
2026-05-04T12:50:06.272716,Bank Of Baroda,UP,UP,UP,UP,UP,UP
2026-05-04T12:50:06.272716,Airtel Payments Bank,UP,UP,UP,UP,UP,UP
2026-05-04T12:50:06.272716,Canara Bank,UP,UP,UP,UP,UP,UP
2026-05-04T12:50:06.272716,ICICI Bank,UP,UP,UP,UP,UP,UP
2026-05-04T12:50:06.272716,Kotak Mahindra Bank,UP,UP,UP,UP,UP,UP
2026-05-04T12:50:06.272716,State Bank of India,UP,UP,UP,UP,UP,UP
2026-05-04T12:50:06.272716,AU Small Finance Bank,UP,UP,UP,UP,UP,UP
2026-05-04T12:55:06.736122,Punjab National Bank,UP,UP,UP,UP,UP,UP
2026-05-04T12:55:06.736122,HDFC Bank,UP,UP,UP,UP,UP,UP
2026-05-04T12:55:06.736122,Axis Bank,UP,UP,UP,UP,UP,UP
2026-05-04T12:55:06.736122,Bank Of Baroda,UP,UP,UP,UP,UP,UP
2026-05-04T12:55:06.736122,Airtel Payments Bank,UP,UP,UP,UP,UP,UP
2026-05-04T12:55:06.736122,Canara Bank,UP,UP,UP,UP,UP,UP
2026-05-04T12:55:06.736122,ICICI Bank,UP,UP,UP,UP,UP,UP
2026-05-04T12:55:06.736122,Kotak Mahindra Bank,UP,UP,UP,UP,UP,UP
2026-05-04T12:55:06.736122,State Bank of India,UP,UP,UP,UP,UP,UP
2026-05-04T12:55:06.736122,AU Small Finance Bank,UP,UP,UP,UP,UP,UP
2026-05-04T13:00:06.651049,Punjab National Bank,UP,UP,UP,UP,UP,UP
2026-05-04T13:00:06.651049,HDFC Bank,UP,UP,UP,UP,UP,UP
2026-05-04T13:00:06.651049,Axis Bank,UP,UP,UP,UP,UP,UP
2026-05-04T13:00:06.651049,Bank Of Baroda,UP,UP,UP,UP,UP,UP
2026-05-04T13:00:06.651049,Airtel Payments Bank,UP,UP,UP,UP,UP,UP
2026-05-04T13:00:06.651049,Canara Bank,UP,UP,UP,UP,UP,UP
2026-05-04T13:00:06.651049,ICICI Bank,UP,UP,UP,UP,UP,UP
2026-05-04T13:00:06.651049,Kotak Mahindra Bank,UP,UP,UP,UP,UP,UP
2026-05-04T13:00:06.651049,State Bank of India,UP,UP,UP,UP,UP,UP
2026-05-04T13:00:06.651049,AU Small Finance Bank,UP,UP,UP,UP,UP,UP
2026-05-04T13:05:06.199156,Punjab National Bank,UP,UP,UP,UP,UP,UP
2026-05-04T13:05:06.199156,HDFC Bank,UP,UP,UP,UP,UP,UP
2026-05-04T13:05:06.199156,Axis Bank,UP,UP,UP,UP,UP,UP
2026-05-04T13:05:06.199156,Bank Of Baroda,UP,UP,UP,UP,UP,UP
2026-05-04T13:05:06.199156,Airtel Payments Bank,UP,UP,UP,UP,UP,UP
2026-05-04T13:05:06.199156,Canara Bank,UP,UP,UP,UP,UP,UP
2026-05-04T13:05:06.199156,ICICI Bank,UP,UP,UP,UP,UP,UP
2026-05-04T13:05:06.199156,Kotak Mahindra Bank,UP,UP,UP,UP,UP,UP
2026-05-04T13:05:06.199156,State Bank of India,UP,UP,UP,UP,UP,UP
2026-05-04T13:05:06.199156,AU Small Finance Bank,UP,UP,UP,UP,UP,UP
2026-05-04T13:10:06.381838,Punjab National Bank,UP,UP,UP,UP,UP,UP
2026-05-04T13:10:06.381838,HDFC Bank,UP,UP,UP,UP,UP,UP
2026-05-04T13:10:06.381838,Axis Bank,UP,UP,UP,UP,UP,UP
2026-05-04T13:10:06.381838,Bank Of Baroda,UP,UP,UP,UP,UP,UP
2026-05-04T13:10:06.381838,Airtel Payments Bank,UP,UP,UP,UP,UP,UP
2026-05-04T13:10:06.381838,Canara Bank,UP,UP,UP,UP,UP,UP
2026-05-04T13:10:06.381838,ICICI Bank,UP,UP,UP,UP,UP,UP
2026-05-04T13:10:06.381838,Kotak Mahindra Bank,UP,UP,UP,UP,UP,UP
2026-05-04T13:10:06.381838,State Bank of India,UP,UP,UP,UP,UP,UP
2026-05-04T13:10:06.381838,AU Small Finance Bank,UP,UP,UP,UP,UP,UP
2026-05-04T13:15:07.251032,Punjab National Bank,UP,UP,UP,UP,UP,UP
2026-05-04T13:15:07.251032,HDFC Bank,UP,UP,UP,UP,UP,UP
2026-05-04T13:15:07.251032,Axis Bank,UP,UP,UP,UP,UP,UP
2026-05-04T13:15:07.251032,Bank Of Baroda,UP,UP,UP,UP,UP,UP
2026-05-04T13:15:07.251032,Airtel Payments Bank,UP,UP,UP,UP,UP,UP
2026-05-04T13:15:07.251032,Canara Bank,UP,UP,UP,UP,UP,UP
2026-05-04T13:15:07.251032,ICICI Bank,UP,UP,UP,UP,UP,UP
2026-05-04T13:15:07.251032,Kotak Mahindra Bank,UP,UP,UP,UP,UP,UP
2026-05-04T13:15:07.251032,State Bank of India,UP,UP,UP,UP,UP,UP
2026-05-04T13:15:07.251032,AU Small Finance Bank,UP,UP,UP,UP,UP,UP
2026-05-04T13:20:06.326555,Punjab National Bank,UP,UP,UP,UP,UP,UP
2026-05-04T13:20:06.326555,HDFC Bank,UP,UP,UP,UP,UP,UP
2026-05-04T13:20:06.326555,Axis Bank,UP,UP,UP,UP,UP,UP
2026-05-04T13:20:06.326555,Bank Of Baroda,UP,UP,UP,UP,UP,UP
2026-05-04T13:20:06.326555,Airtel Payments Bank,UP,UP,UP,UP,UP,UP
2026-05-04T13:20:06.326555,Canara Bank,UP,UP,UP,UP,UP,UP
2026-05-04T13:20:06.326555,ICICI Bank,UP,UP,UP,UP,UP,UP
2026-05-04T13:20:06.326555,Kotak Mahindra Bank,UP,UP,UP,UP,UP,UP
2026-05-04T13:20:06.326555,State Bank of India,UP,UP,UP,UP,UP,UP
2026-05-04T13:20:06.326555,AU Small Finance Bank,UP,UP,UP,UP,UP,UP
2026-05-04T13:25:06.495549,Punjab National Bank,UP,UP,UP,UP,UP,UP
2026-05-04T13:25:06.495549,HDFC Bank,UP,UP,UP,UP,UP,UP
2026-05-04T13:25:06.495549,Axis Bank,UP,UP,UP,UP,UP,UP
2026-05-04T13:25:06.495549,Bank Of Baroda,UP,UP,UP,UP,UP,UP
2026-05-04T13:25:06.495549,Airtel Payments Bank,UP,UP,UP,UP,UP,UP
2026-05-04T13:25:06.495549,Canara Bank,UP,UP,UP,UP,UP,UP
2026-05-04T13:25:06.495549,ICICI Bank,UP,UP,UP,UP,UP,UP
2026-05-04T13:25:06.495549,Kotak Mahindra Bank,UP,UP,UP,UP,UP,UP
2026-05-04T13:25:06.495549,State Bank of India,UP,UP,UP,UP,UP,UP
2026-05-04T13:25:06.495549,AU Small Finance Bank,UP,UP,UP,UP,UP,UP
2026-05-04T13:30:07.284378,Punjab National Bank,UP,UP,UP,UP,UP,UP
2026-05-04T13:30:07.284378,HDFC Bank,UP,UP,UP,UP,UP,UP
2026-05-04T13:30:07.284378,Axis Bank,UP,UP,UP,UP,UP,UP
2026-05-04T13:30:07.284378,Bank Of Baroda,UP,UP,UP,UP,UP,UP
2026-05-04T13:30:07.284378,Airtel Payments Bank,UP,UP,UP,UP,UP,UP
2026-05-04T13:30:07.284378,Canara Bank,UP,UP,UP,UP,UP,UP
2026-05-04T13:30:07.284378,ICICI Bank,UP,UP,UP,UP,UP,UP
2026-05-04T13:30:07.284378,Kotak Mahindra Bank,UP,UP,UP,UP,UP,UP
2026-05-04T13:30:07.284378,State Bank of India,UP,UP,UP,UP,UP,UP
2026-05-04T13:30:07.284378,AU Small Finance Bank,UP,UP,UP,UP,UP,UP
2026-05-04T13:35:06.335096,Punjab National Bank,UP,UP,UP,UP,UP,UP
2026-05-04T13:35:06.335096,HDFC Bank,UP,UP,UP,UP,UP,UP
2026-05-04T13:35:06.335096,Axis Bank,UP,UP,UP,UP,UP,UP
2026-05-04T13:35:06.335096,Bank Of Baroda,UP,UP,UP,UP,UP,UP
2026-05-04T13:35:06.335096,Airtel Payments Bank,UP,UP,UP,UP,UP,UP
2026-05-04T13:35:06.335096,Canara Bank,UP,UP,UP,UP,UP,UP
2026-05-04T13:35:06.335096,ICICI Bank,UP,UP,UP,UP,UP,UP
2026-05-04T13:35:06.335096,Kotak Mahindra Bank,UP,UP,UP,UP,UP,UP
2026-05-04T13:35:06.335096,State Bank of India,UP,UP,UP,UP,UP,UP
2026-05-04T13:35:06.335096,AU Small Finance Bank,UP,UP,UP,UP,UP,UP
2026-05-04T13:40:06.460111,Punjab National Bank,UP,UP,UP,UP,UP,UP
2026-05-04T13:40:06.460111,HDFC Bank,UP,UP,UP,UP,UP,UP
2026-05-04T13:40:06.460111,Axis Bank,UP,UP,UP,UP,UP,UP
2026-05-04T13:40:06.460111,Bank Of Baroda,UP,UP,UP,UP,UP,UP
2026-05-04T13:40:06.460111,Airtel Payments Bank,UP,UP,UP,UP,UP,UP
2026-05-04T13:40:06.460111,Canara Bank,UP,UP,UP,UP,UP,UP
2026-05-04T13:40:06.460111,ICICI Bank,UP,UP,UP,UP,UP,UP
2026-05-04T13:40:06.460111,Kotak Mahindra Bank,UP,UP,UP,UP,UP,UP
2026-05-04T13:40:06.460111,State Bank of India,UP,UP,UP,UP,UP,UP
2026-05-04T13:40:06.460111,AU Small Finance Bank,UP,UP,UP,UP,UP,UP
2026-05-04T13:45:06.396226,Punjab National Bank,UP,UP,UP,UP,UP,UP
2026-05-04T13:45:06.396226,HDFC Bank,UP,UP,UP,UP,UP,UP
2026-05-04T13:45:06.396226,Axis Bank,UP,UP,UP,UP,UP,UP
2026-05-04T13:45:06.396226,Bank Of Baroda,UP,UP,UP,UP,UP,UP
2026-05-04T13:45:06.396226,Airtel Payments Bank,UP,UP,UP,UP,UP,UP
2026-05-04T13:45:06.396226,Canara Bank,UP,UP,UP,UP,UP,UP
2026-05-04T13:45:06.396226,ICICI Bank,UP,UP,UP,UP,UP,UP
2026-05-04T13:45:06.396226,Kotak Mahindra Bank,UP,UP,UP,UP,UP,UP
2026-05-04T13:45:06.396226,State Bank of India,UP,UP,UP,UP,UP,UP
2026-05-04T13:45:06.396226,AU Small Finance Bank,UP,UP,UP,UP,UP,UP
2026-05-04T13:50:06.357234,Punjab National Bank,UP,UP,UP,UP,UP,UP
2026-05-04T13:50:06.357234,HDFC Bank,UP,UP,UP,UP,UP,UP
2026-05-04T13:50:06.357234,Axis Bank,UP,UP,UP,UP,UP,UP
2026-05-04T13:50:06.357234,Bank Of Baroda,UP,UP,UP,UP,UP,UP
2026-05-04T13:50:06.357234,Airtel Payments Bank,UP,UP,UP,UP,UP,UP
2026-05-04T13:50:06.357234,Canara Bank,UP,UP,UP,UP,UP,UP
2026-05-04T13:50:06.357234,ICICI Bank,UP,UP,UP,UP,UP,UP
2026-05-04T13:50:06.357234,Kotak Mahindra Bank,UP,UP,UP,UP,UP,UP
2026-05-04T13:50:06.357234,State Bank of India,UP,UP,UP,UP,UP,UP
2026-05-04T13:50:06.357234,AU Small Finance Bank,UP,UP,UP,UP,UP,UP
2026-05-04T13:55:06.453404,Punjab National Bank,UP,UP,UP,UP,UP,UP
2026-05-04T13:55:06.453404,HDFC Bank,UP,UP,UP,UP,UP,UP
2026-05-04T13:55:06.453404,Axis Bank,UP,UP,UP,UP,UP,UP
2026-05-04T13:55:06.453404,Bank Of Baroda,UP,UP,UP,UP,UP,UP
2026-05-04T13:55:06.453404,Airtel Payments Bank,UP,UP,UP,UP,UP,UP
2026-05-04T13:55:06.453404,Canara Bank,UP,UP,UP,UP,UP,UP
2026-05-04T13:55:06.453404,ICICI Bank,UP,UP,UP,UP,UP,UP
2026-05-04T13:55:06.453404,Kotak Mahindra Bank,UP,UP,UP,UP,UP,UP
2026-05-04T13:55:06.453404,State Bank of India,UP,UP,UP,UP,UP,UP
2026-05-04T13:55:06.453404,AU Small Finance Bank,UP,UP,UP,UP,UP,UP
2026-05-04T14:00:06.781116,Punjab National Bank,UP,UP,UP,UP,UP,UP
2026-05-04T14:00:06.781116,HDFC Bank,UP,UP,UP,UP,UP,UP
2026-05-04T14:00:06.781116,Axis Bank,UP,UP,UP,UP,UP,UP
2026-05-04T14:00:06.781116,Bank Of Baroda,UP,UP,UP,UP,UP,UP
2026-05-04T14:00:06.781116,Airtel Payments Bank,UP,UP,UP,UP,UP,UP
2026-05-04T14:00:06.781116,Canara Bank,UP,UP,UP,UP,UP,UP
2026-05-04T14:00:06.781116,ICICI Bank,UP,UP,UP,UP,UP,UP
2026-05-04T14:00:06.781116,Kotak Mahindra Bank,UP,UP,UP,UP,UP,UP
2026-05-04T14:00:06.781116,State Bank of India,UP,UP,UP,UP,UP,UP
2026-05-04T14:00:06.781116,AU Small Finance Bank,UP,UP,UP,UP,UP,UP
2026-05-04T14:05:06.996777,Punjab National Bank,UP,UP,UP,UP,UP,UP
2026-05-04T14:05:06.996777,HDFC Bank,UP,UP,UP,UP,UP,UP
2026-05-04T14:05:06.996777,Axis Bank,UP,UP,UP,UP,UP,UP
2026-05-04T14:05:06.996777,Bank Of Baroda,UP,UP,UP,UP,UP,UP
2026-05-04T14:05:06.996777,Airtel Payments Bank,UP,UP,UP,UP,UP,UP
2026-05-04T14:05:06.996777,Canara Bank,UP,UP,UP,UP,UP,UP
2026-05-04T14:05:06.996777,ICICI Bank,UP,UP,UP,UP,UP,UP
2026-05-04T14:05:06.996777,Kotak Mahindra Bank,UP,UP,UP,UP,UP,UP
2026-05-04T14:05:06.996777,State Bank of India,UP,UP,UP,UP,UP,UP
2026-05-04T14:05:06.996777,AU Small Finance Bank,UP,UP,UP,UP,UP,UP
2026-05-04T14:10:09.974269,Punjab National Bank,UP,UP,UP,UP,UP,UP
2026-05-04T14:10:09.974269,HDFC Bank,UP,UP,UP,UP,UP,UP
2026-05-04T14:10:09.974269,Axis Bank,UP,UP,UP,UP,UP,UP
2026-05-04T14:10:09.974269,Bank Of Baroda,UP,UP,UP,UP,UP,UP
2026-05-04T14:10:09.974269,Airtel Payments Bank,UP,UP,UP,UP,UP,UP
2026-05-04T14:10:09.974269,Canara Bank,UP,UP,UP,UP,UP,UP
2026-05-04T14:10:09.974269,ICICI Bank,UP,UP,UP,UP,UP,UP
2026-05-04T14:10:09.974269,Kotak Mahindra Bank,UP,UP,UP,UP,UP,UP
2026-05-04T14:10:09.974269,State Bank of India,UP,UP,UP,UP,UP,UP
2026-05-04T14:10:09.974269,AU Small Finance Bank,UP,UP,UP,UP,UP,UP
2026-05-04T14:15:06.787399,Punjab National Bank,UP,UP,UP,UP,UP,UP
2026-05-04T14:15:06.787399,HDFC Bank,UP,UP,UP,UP,UP,UP
2026-05-04T14:15:06.787399,Axis Bank,UP,UP,UP,UP,UP,UP
2026-05-04T14:15:06.787399,Bank Of Baroda,UP,UP,UP,UP,UP,UP
2026-05-04T14:15:06.787399,Airtel Payments Bank,UP,UP,UP,UP,UP,UP
2026-05-04T14:15:06.787399,Canara Bank,UP,UP,UP,UP,UP,UP
2026-05-04T14:15:06.787399,ICICI Bank,UP,UP,UP,UP,UP,UP
2026-05-04T14:15:06.787399,Kotak Mahindra Bank,UP,UP,UP,UP,UP,UP
2026-05-04T14:15:06.787399,State Bank of India,UP,UP,UP,UP,UP,UP
2026-05-04T14:15:06.787399,AU Small Finance Bank,UP,UP,UP,UP,UP,UP
2026-05-04T14:20:09.860381,Punjab National Bank,UP,UP,UP,UP,UP,UP
2026-05-04T14:20:09.860381,HDFC Bank,UP,UP,UP,UP,UP,UP
2026-05-04T14:20:09.860381,Axis Bank,UP,UP,UP,UP,UP,UP
2026-05-04T14:20:09.860381,Bank Of Baroda,UP,UP,UP,UP,UP,UP
2026-05-04T14:20:09.860381,Airtel Payments Bank,UP,UP,UP,UP,UP,UP
2026-05-04T14:20:09.860381,Canara Bank,UP,UP,UP,UP,UP,UP
2026-05-04T14:20:09.860381,ICICI Bank,UP,UP,UP,UP,UP,UP
2026-05-04T14:20:09.860381,Kotak Mahindra Bank,UP,UP,UP,UP,UP,UP
2026-05-04T14:20:09.860381,State Bank of India,UP,UP,UP,UP,UP,UP
2026-05-04T14:20:09.860381,AU Small Finance Bank,UP,UP,UP,UP,UP,UP
2026-05-04T14:25:06.381042,Punjab National Bank,UP,UP,UP,UP,UP,UP
2026-05-04T14:25:06.381042,HDFC Bank,UP,UP,UP,UP,UP,UP
2026-05-04T14:25:06.381042,Axis Bank,UP,UP,UP,UP,UP,UP
2026-05-04T14:25:06.381042,Bank Of Baroda,UP,UP,UP,UP,UP,UP
2026-05-04T14:25:06.381042,Airtel Payments Bank,UP,UP,UP,UP,UP,UP
2026-05-04T14:25:06.381042,Canara Bank,UP,UP,UP,UP,UP,UP
2026-05-04T14:25:06.381042,ICICI Bank,UP,UP,UP,UP,UP,UP
2026-05-04T14:25:06.381042,Kotak Mahindra Bank,UP,UP,UP,UP,UP,UP
2026-05-04T14:25:06.381042,State Bank of India,UP,UP,UP,UP,UP,UP
2026-05-04T14:25:06.381042,AU Small Finance Bank,UP,UP,UP,UP,UP,UP
2026-05-04T14:30:10.708507,Punjab National Bank,UP,UP,UP,UP,UP,UP
2026-05-04T14:30:10.708507,HDFC Bank,UP,UP,UP,UP,UP,UP
2026-05-04T14:30:10.708507,Axis Bank,UP,UP,UP,UP,UP,UP
2026-05-04T14:30:10.708507,Bank Of Baroda,UP,UP,UP,UP,UP,UP
2026-05-04T14:30:10.708507,Airtel Payments Bank,UP,UP,UP,UP,UP,UP
2026-05-04T14:30:10.708507,Canara Bank,UP,UP,UP,UP,UP,UP
2026-05-04T14:30:10.708507,ICICI Bank,UP,UP,UP,UP,UP,UP
2026-05-04T14:30:10.708507,Kotak Mahindra Bank,UP,UP,UP,UP,UP,UP
2026-05-04T14:30:10.708507,State Bank of India,UP,UP,UP,UP,UP,UP
2026-05-04T14:30:10.708507,AU Small Finance Bank,UP,UP,UP,UP,UP,UP
2026-05-04T14:35:06.189343,Punjab National Bank,UP,UP,UP,UP,UP,UP
2026-05-04T14:35:06.189343,HDFC Bank,UP,UP,UP,UP,UP,UP
2026-05-04T14:35:06.189343,Axis Bank,UP,UP,UP,UP,UP,UP
2026-05-04T14:35:06.189343,Bank Of Baroda,UP,UP,UP,UP,UP,UP
2026-05-04T14:35:06.189343,Airtel Payments Bank,UP,UP,UP,UP,UP,UP
2026-05-04T14:35:06.189343,Canara Bank,UP,UP,UP,UP,UP,UP
2026-05-04T14:35:06.189343,ICICI Bank,UP,UP,UP,UP,UP,UP
2026-05-04T14:35:06.189343,Kotak Mahindra Bank,UP,UP,UP,UP,UP,UP
2026-05-04T14:35:06.189343,State Bank of India,UP,UP,UP,UP,UP,UP
2026-05-04T14:35:06.189343,AU Small Finance Bank,UP,UP,UP,UP,UP,UP
2026-05-04T14:40:07.241476,Punjab National Bank,UP,UP,UP,UP,UP,UP
2026-05-04T14:40:07.241476,HDFC Bank,UP,UP,UP,UP,UP,UP
2026-05-04T14:40:07.241476,Axis Bank,UP,UP,UP,UP,UP,UP
2026-05-04T14:40:07.241476,Bank Of Baroda,UP,UP,UP,UP,UP,UP
2026-05-04T14:40:07.241476,Airtel Payments Bank,UP,UP,UP,UP,UP,UP
2026-05-04T14:40:07.241476,Canara Bank,UP,UP,UP,UP,UP,UP
2026-05-04T14:40:07.241476,ICICI Bank,UP,UP,UP,UP,UP,UP
2026-05-04T14:40:07.241476,Kotak Mahindra Bank,UP,UP,UP,UP,UP,UP
2026-05-04T14:40:07.241476,State Bank of India,UP,UP,UP,UP,UP,UP
2026-05-04T14:40:07.241476,AU Small Finance Bank,UP,UP,UP,UP,UP,UP
2026-05-04T14:45:07.632203,Punjab National Bank,UP,UP,UP,UP,UP,UP
2026-05-04T14:45:07.632203,HDFC Bank,UP,UP,UP,UP,UP,UP
2026-05-04T14:45:07.632203,Axis Bank,UP,UP,UP,UP,UP,UP
2026-05-04T14:45:07.632203,Bank Of Baroda,UP,UP,UP,UP,UP,UP
2026-05-04T14:45:07.632203,Airtel Payments Bank,UP,UP,UP,UP,UP,UP
2026-05-04T14:45:07.632203,Canara Bank,UP,UP,UP,UP,UP,UP
2026-05-04T14:45:07.632203,ICICI Bank,UP,UP,UP,UP,UP,UP
2026-05-04T14:45:07.632203,Kotak Mahindra Bank,UP,UP,UP,UP,UP,UP
2026-05-04T14:45:07.632203,State Bank of India,UP,UP,UP,UP,UP,UP
2026-05-04T14:45:07.632203,AU Small Finance Bank,UP,UP,UP,UP,UP,UP
2026-05-04T14:50:10.070459,Punjab National Bank,UP,UP,UP,UP,UP,UP
2026-05-04T14:50:10.070459,HDFC Bank,UP,UP,UP,UP,UP,UP
2026-05-04T14:50:10.070459,Axis Bank,UP,UP,UP,UP,UP,UP
2026-05-04T14:50:10.070459,Bank Of Baroda,UP,UP,UP,UP,UP,UP
2026-05-04T14:50:10.070459,Airtel Payments Bank,UP,UP,UP,UP,UP,UP
2026-05-04T14:50:10.070459,Canara Bank,UP,UP,UP,UP,UP,UP
2026-05-04T14:50:10.070459,ICICI Bank,UP,UP,UP,UP,UP,UP
2026-05-04T14:50:10.070459,Kotak Mahindra Bank,UP,UP,UP,UP,UP,UP
2026-05-04T14:50:10.070459,State Bank of India,UP,UP,UP,UP,UP,UP
2026-05-04T14:50:10.070459,AU Small Finance Bank,UP,UP,UP,UP,UP,UP
2026-05-04T14:55:06.693221,Punjab National Bank,UP,UP,UP,UP,UP,UP
2026-05-04T14:55:06.693221,HDFC Bank,UP,UP,UP,UP,UP,UP
2026-05-04T14:55:06.693221,Axis Bank,UP,UP,UP,UP,UP,UP
2026-05-04T14:55:06.693221,Bank Of Baroda,UP,UP,UP,UP,UP,UP
2026-05-04T14:55:06.693221,Airtel Payments Bank,UP,UP,UP,UP,UP,UP
2026-05-04T14:55:06.693221,Canara Bank,UP,UP,UP,UP,UP,UP
2026-05-04T14:55:06.693221,ICICI Bank,UP,UP,UP,UP,UP,UP
2026-05-04T14:55:06.693221,Kotak Mahindra Bank,UP,UP,UP,UP,UP,UP
2026-05-04T14:55:06.693221,State Bank of India,UP,UP,UP,UP,UP,UP
2026-05-04T14:55:06.693221,AU Small Finance Bank,UP,UP,UP,UP,UP,UP
2026-05-04T15:00:07.711690,Punjab National Bank,UP,UP,UP,UP,UP,UP
2026-05-04T15:00:07.711690,HDFC Bank,UP,UP,UP,UP,UP,UP
2026-05-04T15:00:07.711690,Axis Bank,UP,UP,UP,UP,UP,UP
2026-05-04T15:00:07.711690,Bank Of Baroda,UP,UP,UP,UP,UP,UP
2026-05-04T15:00:07.711690,Airtel Payments Bank,UP,UP,UP,UP,UP,UP
2026-05-04T15:00:07.711690,Canara Bank,UP,UP,UP,UP,UP,UP
2026-05-04T15:00:07.711690,ICICI Bank,UP,UP,UP,UP,UP,UP
2026-05-04T15:00:07.711690,Kotak Mahindra Bank,UP,UP,UP,UP,UP,UP
2026-05-04T15:00:07.711690,State Bank of India,UP,UP,UP,UP,UP,UP
2026-05-04T15:00:07.711690,AU Small Finance Bank,UP,UP,UP,UP,UP,UP
2026-05-04T15:05:06.652143,Punjab National Bank,UP,UP,UP,UP,UP,UP
2026-05-04T15:05:06.652143,HDFC Bank,UP,UP,UP,UP,UP,UP
2026-05-04T15:05:06.652143,Axis Bank,UP,UP,UP,UP,UP,UP
2026-05-04T15:05:06.652143,Bank Of Baroda,UP,UP,UP,UP,UP,UP
2026-05-04T15:05:06.652143,Airtel Payments Bank,UP,UP,UP,UP,UP,UP
2026-05-04T15:05:06.652143,Canara Bank,UP,UP,UP,UP,UP,UP
2026-05-04T15:05:06.652143,ICICI Bank,UP,UP,UP,UP,UP,UP
2026-05-04T15:05:06.652143,Kotak Mahindra Bank,UP,UP,UP,UP,UP,UP
2026-05-04T15:05:06.652143,State Bank of India,UP,UP,UP,UP,UP,UP
2026-05-04T15:05:06.652143,AU Small Finance Bank,UP,UP,UP,UP,UP,UP
2026-05-04T15:10:06.223037,Punjab National Bank,UP,UP,UP,UP,UP,UP
2026-05-04T15:10:06.223037,HDFC Bank,UP,UP,UP,UP,UP,UP
2026-05-04T15:10:06.223037,Axis Bank,UP,UP,UP,UP,UP,UP
2026-05-04T15:10:06.223037,Bank Of Baroda,UP,UP,UP,UP,UP,UP
2026-05-04T15:10:06.223037,Airtel Payments Bank,UP,UP,UP,UP,UP,UP
2026-05-04T15:10:06.223037,Canara Bank,UP,UP,UP,UP,UP,UP
2026-05-04T15:10:06.223037,ICICI Bank,UP,UP,UP,UP,UP,UP
2026-05-04T15:10:06.223037,Kotak Mahindra Bank,UP,UP,UP,UP,UP,UP
2026-05-04T15:10:06.223037,State Bank of India,UP,UP,UP,UP,UP,UP
2026-05-04T15:10:06.223037,AU Small Finance Bank,UP,UP,UP,UP,UP,UP
2026-05-04T15:15:06.368435,Punjab National Bank,UP,UP,UP,UP,UP,UP
2026-05-04T15:15:06.368435,HDFC Bank,UP,UP,UP,UP,UP,UP
2026-05-04T15:15:06.368435,Axis Bank,UP,UP,UP,UP,UP,UP
2026-05-04T15:15:06.368435,Bank Of Baroda,UP,UP,UP,UP,UP,UP
2026-05-04T15:15:06.368435,Airtel Payments Bank,UP,UP,UP,UP,UP,UP
2026-05-04T15:15:06.368435,Canara Bank,UP,UP,UP,UP,UP,UP
2026-05-04T15:15:06.368435,ICICI Bank,UP,UP,UP,UP,UP,UP
2026-05-04T15:15:06.368435,Kotak Mahindra Bank,UP,UP,UP,UP,UP,UP
2026-05-04T15:15:06.368435,State Bank of India,UP,UP,UP,UP,UP,UP
2026-05-04T15:15:06.368435,AU Small Finance Bank,UP,UP,UP,UP,UP,UP
2026-05-04T15:20:10.875546,Punjab National Bank,UP,UP,UP,UP,UP,UP
2026-05-04T15:20:10.875546,HDFC Bank,UP,UP,UP,UP,UP,UP
2026-05-04T15:20:10.875546,Axis Bank,UP,UP,UP,UP,UP,UP
2026-05-04T15:20:10.875546,Bank Of Baroda,UP,UP,UP,UP,UP,UP
2026-05-04T15:20:10.875546,Airtel Payments Bank,UP,UP,UP,UP,UP,UP
2026-05-04T15:20:10.875546,Canara Bank,UP,UP,UP,UP,UP,UP
2026-05-04T15:20:10.875546,ICICI Bank,UP,UP,UP,UP,UP,UP
2026-05-04T15:20:10.875546,Kotak Mahindra Bank,UP,UP,UP,UP,UP,UP
2026-05-04T15:20:10.875546,State Bank of India,UP,UP,UP,UP,UP,UP
2026-05-04T15:20:10.875546,AU Small Finance Bank,UP,UP,UP,UP,UP,UP
2026-05-04T15:25:06.422580,Punjab National Bank,UP,UP,UP,UP,UP,UP
2026-05-04T15:25:06.422580,HDFC Bank,UP,UP,UP,UP,UP,UP
2026-05-04T15:25:06.422580,Axis Bank,UP,UP,UP,UP,UP,UP
2026-05-04T15:25:06.422580,Bank Of Baroda,UP,UP,UP,UP,UP,UP
2026-05-04T15:25:06.422580,Airtel Payments Bank,UP,UP,UP,UP,UP,UP
2026-05-04T15:25:06.422580,Canara Bank,UP,UP,UP,UP,UP,UP
2026-05-04T15:25:06.422580,ICICI Bank,UP,UP,UP,UP,UP,UP
2026-05-04T15:25:06.422580,Kotak Mahindra Bank,UP,UP,UP,UP,UP,UP
2026-05-04T15:25:06.422580,State Bank of India,UP,UP,UP,UP,UP,UP
2026-05-04T15:25:06.422580,AU Small Finance Bank,UP,UP,UP,UP,UP,UP
2026-05-04T15:30:09.438232,Punjab National Bank,UP,UP,UP,UP,UP,UP
2026-05-04T15:30:09.438232,HDFC Bank,UP,UP,UP,UP,UP,UP
2026-05-04T15:30:09.438232,Axis Bank,UP,UP,UP,UP,UP,UP
2026-05-04T15:30:09.438232,Bank Of Baroda,UP,UP,UP,UP,UP,UP
2026-05-04T15:30:09.438232,Airtel Payments Bank,UP,UP,UP,UP,UP,UP
2026-05-04T15:30:09.438232,Canara Bank,UP,UP,UP,UP,UP,UP
2026-05-04T15:30:09.438232,ICICI Bank,UP,UP,UP,UP,UP,UP
2026-05-04T15:30:09.438232,Kotak Mahindra Bank,UP,UP,UP,UP,UP,UP
2026-05-04T15:30:09.438232,State Bank of India,UP,UP,UP,UP,UP,UP
2026-05-04T15:30:09.438232,AU Small Finance Bank,UP,UP,UP,UP,UP,UP
2026-05-04T15:35:06.620981,Punjab National Bank,UP,UP,UP,UP,UP,UP
2026-05-04T15:35:06.620981,HDFC Bank,UP,UP,UP,UP,UP,UP
2026-05-04T15:35:06.620981,Axis Bank,UP,UP,UP,UP,UP,UP
2026-05-04T15:35:06.620981,Bank Of Baroda,UP,UP,UP,UP,UP,UP
2026-05-04T15:35:06.620981,Airtel Payments Bank,UP,UP,UP,UP,UP,UP
2026-05-04T15:35:06.620981,Canara Bank,UP,UP,UP,UP,UP,UP
2026-05-04T15:35:06.620981,ICICI Bank,UP,UP,UP,UP,UP,UP
2026-05-04T15:35:06.620981,Kotak Mahindra Bank,UP,UP,UP,UP,UP,UP
2026-05-04T15:35:06.620981,State Bank of India,UP,UP,UP,UP,UP,UP
2026-05-04T15:35:06.620981,AU Small Finance Bank,UP,UP,UP,UP,UP,UP
2026-05-04T15:40:07.145924,Punjab National Bank,UP,UP,UP,UP,UP,UP
2026-05-04T15:40:07.145924,HDFC Bank,UP,UP,UP,UP,UP,UP
2026-05-04T15:40:07.145924,Axis Bank,UP,UP,UP,UP,UP,UP
2026-05-04T15:40:07.145924,Bank Of Baroda,UP,UP,UP,UP,UP,UP
2026-05-04T15:40:07.145924,Airtel Payments Bank,UP,UP,UP,UP,UP,UP
2026-05-04T15:40:07.145924,Canara Bank,UP,UP,UP,UP,UP,UP
2026-05-04T15:40:07.145924,ICICI Bank,UP,UP,UP,UP,UP,UP
2026-05-04T15:40:07.145924,Kotak Mahindra Bank,UP,UP,UP,UP,UP,UP
2026-05-04T15:40:07.145924,State Bank of India,UP,UP,UP,UP,UP,UP
2026-05-04T15:40:07.145924,AU Small Finance Bank,UP,UP,UP,UP,UP,UP
2026-05-04T15:45:06.243395,Punjab National Bank,UP,UP,UP,UP,UP,UP
2026-05-04T15:45:06.243395,HDFC Bank,UP,UP,UP,UP,UP,UP
2026-05-04T15:45:06.243395,Axis Bank,UP,UP,UP,UP,UP,UP
2026-05-04T15:45:06.243395,Bank Of Baroda,UP,UP,UP,UP,UP,UP
2026-05-04T15:45:06.243395,Airtel Payments Bank,UP,UP,UP,UP,UP,UP
2026-05-04T15:45:06.243395,Canara Bank,UP,UP,UP,UP,UP,UP
2026-05-04T15:45:06.243395,ICICI Bank,UP,UP,UP,UP,UP,UP
2026-05-04T15:45:06.243395,Kotak Mahindra Bank,UP,UP,UP,UP,UP,UP
2026-05-04T15:45:06.243395,State Bank of India,UP,UP,UP,UP,UP,UP
2026-05-04T15:45:06.243395,AU Small Finance Bank,UP,UP,UP,UP,UP,UP
